CTYNAME,YEAR,TOT_POP,Not Hisp pop,NH Whites,NH Afr Am,NH Am Indian/Native,NH Asian,NH Native Hawaiian/other,NH Two or more,Hispanic,,,,,,,,,,,,
Adams County,2010,443698,274761,236556,12358,2503,15677,492,7175,168937, ,,,,,,,,,,,
Adams County,2011,452203,278595,238960,12655,2638,16234,560,7548,173608,,,,,,,,,,,,
Adams County,2012,460648,283363,242311,13009,2622,16911,595,7915,177285,,,,,,,,,,,,
Adams County,2013,470145,288279,245356,13767,2682,17555,605,8314,181866,,,,,,,,,,,,
Adams County,2014,480263,293404,248750,14354,2765,18221,650,8664,186859,,,,,,,,,,,,
Adams County,2015,490768,297950,251456,14931,2866,19007,614,9076,192818,,,,,,,,,,,,
Adams County,2016,498249,300524,252427,15577,2954,19495,627,9444,197725,,,,,,,,,,,,
Adams County,2017,504428,302480,252977,15967,3009,20050,666,9811,201948,,,,,,,,,,,,
Adams County,2018,511868,304823,253905,16321,3023,20795,654,10125,207045,,,,,,,,,,,,
Alamosa County,2010,15932,8664,7954,170,155,139,7,239,7268,,,,,,,,,,,,
Alamosa County,2011,16122,8686,7948,161,171,149,9,248,7436,,,,,,,,,,,,
Alamosa County,2012,16095,8811,8068,174,174,133,11,251,7284,,,,,,,,,,,,
Alamosa County,2013,16203,8834,8056,180,173,144,11,270,7369,,,,,,,,,,,,
Alamosa County,2014,16220,8814,7993,185,190,157,13,276,7406,,,,,,,,,,,,
Alamosa County,2015,16314,8794,7950,200,196,153,12,283,7520,,,,,,,,,,,,
Alamosa County,2016,16461,8879,7997,204,225,156,12,285,7582,,,,,,,,,,,,
Alamosa County,2017,16543,8984,8053,208,237,165,11,310,7559,,,,,,,,,,,,
Alamosa County,2018,16683,9041,8065,219,255,169,10,323,7642,,,,,,,,,,,,
Arapahoe County,2010,574762,468815,364164,56439,2421,29182,1067,15542,105947,,,,,,,,,,,,
Arapahoe County,2011,585844,476866,369317,57577,2419,30281,1061,16211,108978,,,,,,,,,,,,
Arapahoe County,2012,596343,485863,374619,59345,2486,31562,1038,16813,110480,,,,,,,,,,,,
Arapahoe County,2013,608209,494959,379500,61160,2535,33095,1128,17541,113250,,,,,,,,,,,,
Arapahoe County,2014,618798,502980,383576,63107,2583,34433,1192,18089,115818,,,,,,,,,,,,
Arapahoe County,2015,630637,511985,387308,64978,2676,36658,1358,19007,118652,,,,,,,,,,,,
Arapahoe County,2016,638571,517306,389042,66453,2754,38215,1427,19415,121265,,,,,,,,,,,,
Arapahoe County,2017,644132,520005,388915,67340,2824,39404,1456,20066,124127,,,,,,,,,,,,
Arapahoe County,2018,651215,524304,390078,68474,2890,40799,1500,20563,126911,,,,,,,,,,,,
Archuleta County,2010,12046,9907,9446,34,168,87,4,168,2139,,,,,,,,,,,,
Archuleta County,2011,12022,9808,9331,37,167,89,7,177,2214,,,,,,,,,,,,
Archuleta County,2012,12133,9931,9432,42,164,101,5,187,2202,,,,,,,,,,,,
Archuleta County,2013,12218,9967,9431,42,167,103,6,218,2251,,,,,,,,,,,,
Archuleta County,2014,12233,9941,9413,49,167,98,9,205,2292,,,,,,,,,,,,
Archuleta County,2015,12393,10070,9502,52,191,103,9,213,2323,,,,,,,,,,,,
Archuleta County,2016,12832,10528,9879,69,220,117,9,234,2304,,,,,,,,,,,,
Archuleta County,2017,13317,10895,10226,67,224,120,9,249,2422,,,,,,,,,,,,
Archuleta County,2018,13765,11254,10572,83,217,131,10,241,2511,,,,,,,,,,,,
Baca County,2010,3807,3458,3341,20,42,6,0,49,349,,,,,,,,,,,,
Baca County,2011,3777,3431,3313,21,40,7,0,50,346,,,,,,,,,,,,
Baca County,2012,3722,3367,3246,22,40,8,0,51,355,,,,,,,,,,,,
Baca County,2013,3656,3294,3162,21,44,11,0,56,362,,,,,,,,,,,,
Baca County,2014,3587,3216,3078,22,47,11,0,58,371,,,,,,,,,,,,
Baca County,2015,3553,3184,3047,24,47,11,0,55,369,,,,,,,,,,,,
Baca County,2016,3528,3149,3009,23,48,11,0,58,379,,,,,,,,,,,,
Baca County,2017,3563,3171,3027,24,43,13,0,64,392,,,,,,,,,,,,
Baca County,2018,3585,3190,3029,27,48,13,0,73,395,,,,,,,,,,,,
Bent County,2010,6500,4519,3833,491,97,58,4,36,1981,,,,,,,,,,,,
Bent County,2011,6339,4383,3717,468,96,63,4,35,1956,,,,,,,,,,,,
Bent County,2012,5827,4008,3443,377,78,66,6,38,1819,,,,,,,,,,,,
Bent County,2013,5746,3936,3353,379,84,71,6,43,1810,,,,,,,,,,,,
Bent County,2014,5784,3938,3310,424,83,72,6,43,1846,,,,,,,,,,,,
Bent County,2015,5879,4026,3377,434,87,73,6,49,1853,,,,,,,,,,,,
Bent County,2016,5645,3835,3239,392,81,69,5,49,1810,,,,,,,,,,,,
Bent County,2017,5857,3961,3298,451,91,68,5,48,1896,,,,,,,,,,,,
Bent County,2018,5882,4000,3327,447,94,72,5,55,1882,,,,,,,,,,,,
Boulder County,2010,295774,256282,234824,2309,1130,12258,166,5595,39492,,,,,,,,,,,,
Boulder County,2011,300897,260214,237874,2409,1161,12788,166,5816,40683,,,,,,,,,,,,
Boulder County,2012,305565,264081,241097,2504,1163,13124,170,6023,41484,,,,,,,,,,,,
Boulder County,2013,310247,267912,243964,2653,1191,13636,168,6300,42335,,,,,,,,,,,,
Boulder County,2014,313298,270562,245776,2775,1166,14164,159,6522,42736,,,,,,,,,,,,
Boulder County,2015,319175,275375,249597,2831,1180,14786,166,6815,43800,,,,,,,,,,,,
Boulder County,2016,322527,278124,251487,2964,1198,15252,173,7050,44403,,,,,,,,,,,,
Boulder County,2017,324073,279051,251872,3053,1212,15565,166,7183,45022,,,,,,,,,,,,
Boulder County,2018,326078,280708,253017,3116,1225,15795,170,7385,45370,,,,,,,,,,,,
Broomfield County,2010,56221,49920,44634,539,245,3426,42,1034,6301,,,,,,,,,,,,
Broomfield County,2011,57482,51003,45509,592,251,3564,43,1044,6479,,,,,,,,,,,,
Broomfield County,2012,58963,52116,46516,608,261,3576,46,1109,6847,,,,,,,,,,,,
Broomfield County,2013,60149,53087,47322,642,242,3650,50,1181,7062,,,,,,,,,,,,
Broomfield County,2014,61769,54460,48367,704,265,3816,58,1250,7309,,,,,,,,,,,,
Broomfield County,2015,64856,57044,50582,784,292,3974,68,1344,7812,,,,,,,,,,,,
Broomfield County,2016,66474,58393,51520,819,293,4207,76,1478,8081,,,,,,,,,,,,
Broomfield County,2017,68232,59824,52517,894,306,4439,76,1592,8408,,,,,,,,,,,,
Broomfield County,2018,69267,60536,53088,893,305,4559,73,1618,8731,,,,,,,,,,,,
Chaffee County,2010,17808,16128,15438,268,142,107,8,165,1680,,,,,,,,,,,,
Chaffee County,2011,18030,16257,15537,271,143,109,10,187,1773,,,,,,,,,,,,
Chaffee County,2012,18153,16346,15607,271,148,110,10,200,1807,,,,,,,,,,,,
Chaffee County,2013,18358,16519,15763,264,170,114,11,197,1839,,,,,,,,,,,,
Chaffee County,2014,18453,16588,15772,296,178,126,11,205,1865,,,,,,,,,,,,
Chaffee County,2015,18600,16740,15890,301,173,136,14,226,1860,,,,,,,,,,,,
Chaffee County,2016,19089,17138,16234,317,172,146,15,254,1951,,,,,,,,,,,,
Chaffee County,2017,19651,17674,16745,322,181,161,15,250,1977,,,,,,,,,,,,
Chaffee County,2018,20027,17999,17065,324,183,160,12,255,2028,,,,,,,,,,,,
Cheyenne County,2010,1833,1656,1614,7,11,11,1,12,177,,,,,,,,,,,,
Cheyenne County,2011,1862,1668,1621,9,11,13,1,13,194,,,,,,,,,,,,
Cheyenne County,2012,1872,1653,1606,7,14,12,1,13,219,,,,,,,,,,,,
Cheyenne County,2013,1878,1641,1585,10,18,9,2,17,237,,,,,,,,,,,,
Cheyenne County,2014,1846,1615,1559,11,17,11,1,16,231,,,,,,,,,,,,
Cheyenne County,2015,1827,1601,1543,9,18,14,1,16,226,,,,,,,,,,,,
Cheyenne County,2016,1849,1621,1558,13,17,16,1,16,228,,,,,,,,,,,,
Cheyenne County,2017,1860,1637,1570,15,17,16,1,18,223,,,,,,,,,,,,
Cheyenne County,2018,1876,1657,1584,17,17,16,1,22,219,,,,,,,,,,,,
Clear Creek County,2010,9073,8637,8357,51,57,53,3,116,436,,,,,,,,,,,,
Clear Creek County,2011,9001,8513,8223,49,61,58,3,119,488,,,,,,,,,,,,
Clear Creek County,2012,9008,8518,8205,49,63,68,3,130,490,,,,,,,,,,,,
Clear Creek County,2013,9013,8547,8205,60,74,73,3,132,466,,,,,,,,,,,,
Clear Creek County,2014,9114,8592,8239,66,73,78,5,131,522,,,,,,,,,,,,
Clear Creek County,2015,9237,8677,8304,70,76,84,3,140,560,,,,,,,,,,,,
Clear Creek County,2016,9356,8738,8340,75,80,84,3,156,618,,,,,,,,,,,,
Clear Creek County,2017,9582,8901,8479,86,71,92,3,170,681,,,,,,,,,,,,
Clear Creek County,2018,9605,8897,8475,96,67,92,3,164,708,,,,,,,,,,,,
Conejos County,2010,8312,3668,3520,13,48,18,4,65,4644,,,,,,,,,,,,
Conejos County,2011,8289,3706,3537,17,57,21,4,70,4583,,,,,,,,,,,,
Conejos County,2012,8249,3742,3567,18,59,22,4,72,4507,,,,,,,,,,,,
Conejos County,2013,8200,3734,3541,18,65,26,5,79,4466,,,,,,,,,,,,
Conejos County,2014,8233,3747,3550,19,67,29,4,78,4486,,,,,,,,,,,,
Conejos County,2015,8069,3770,3564,23,66,31,6,80,4299,,,,,,,,,,,,
Conejos County,2016,8057,3780,3558,26,69,34,6,87,4277,,,,,,,,,,,,
Conejos County,2017,8153,3882,3647,31,68,37,6,93,4271,,,,,,,,,,,,
Conejos County,2018,8200,3958,3718,34,70,38,6,92,4242,,,,,,,,,,,,
Costilla County,2010,3529,1201,1099,6,34,35,0,27,2328,,,,,,,,,,,,
Costilla County,2011,3642,1270,1155,6,35,36,0,38,2372,,,,,,,,,,,,
Costilla County,2012,3605,1244,1122,10,37,39,2,34,2361,,,,,,,,,,,,
Costilla County,2013,3543,1211,1083,18,39,39,2,30,2332,,,,,,,,,,,,
Costilla County,2014,3564,1236,1102,19,39,38,2,36,2328,,,,,,,,,,,,
Costilla County,2015,3577,1300,1151,28,40,40,2,39,2277,,,,,,,,,,,,
Costilla County,2016,3696,1409,1241,31,46,45,2,44,2287,,,,,,,,,,,,
Costilla County,2017,3772,1432,1254,31,52,48,3,44,2340,,,,,,,,,,,,
Costilla County,2018,3828,1521,1335,31,51,49,2,53,2307,,,,,,,,,,,,
Crowley County,2010,5861,4160,3399,555,90,61,0,55,1701,,,,,,,,,,,,
Crowley County,2011,5882,4143,3352,563,93,65,0,70,1739,,,,,,,,,,,,
Crowley County,2012,5460,3813,3111,489,81,71,0,61,1647,,,,,,,,,,,,
Crowley County,2013,5346,3715,3029,477,77,69,0,63,1631,,,,,,,,,,,,
Crowley County,2014,5609,3876,3109,543,90,70,3,61,1733,,,,,,,,,,,,
Crowley County,2015,5622,3893,3103,566,88,72,2,62,1729,,,,,,,,,,,,
Crowley County,2016,5261,3635,2931,480,80,73,2,69,1626,,,,,,,,,,,,
Crowley County,2017,5798,3984,3145,606,92,70,1,70,1814,,,,,,,,,,,,
Crowley County,2018,5858,4030,3162,613,99,70,1,85,1828,,,,,,,,,,,,
Custer County,2010,4283,4082,3943,41,23,16,0,59,201,,,,,,,,,,,,
Custer County,2011,4228,4018,3883,42,25,16,0,52,210,,,,,,,,,,,,
Custer County,2012,4222,4005,3870,43,26,16,0,50,217,,,,,,,,,,,,
Custer County,2013,4265,4050,3901,45,31,18,0,55,215,,,,,,,,,,,,
Custer County,2014,4344,4129,3978,46,30,23,0,52,215,,,,,,,,,,,,
Custer County,2015,4438,4198,4022,52,36,26,0,62,240,,,,,,,,,,,,
Custer County,2016,4593,4334,4157,54,32,25,0,66,259,,,,,,,,,,,,
Custer County,2017,4873,4600,4397,65,37,27,1,73,273,,,,,,,,,,,,
Custer County,2018,4954,4681,4454,66,41,26,1,93,273,,,,,,,,,,,,
Delta County,2010,30859,26491,25623,139,185,149,13,382,4368,,,,,,,,,,,,
Delta County,2011,30390,26059,25160,146,187,154,12,400,4331,,,,,,,,,,,,
Delta County,2012,30466,26020,25085,168,178,180,13,396,4446,,,,,,,,,,,,
Delta County,2013,30339,25899,24906,145,177,262,17,392,4440,,,,,,,,,,,,
Delta County,2014,29965,25553,24578,176,183,214,16,386,4412,,,,,,,,,,,,
Delta County,2015,29919,25394,24368,179,175,234,17,421,4525,,,,,,,,,,,,
Delta County,2016,30356,25730,24661,192,190,245,17,425,4626,,,,,,,,,,,,
Delta County,2017,30537,25895,24825,192,188,233,15,442,4642,,,,,,,,,,,,
Delta County,2018,30953,26184,25114,190,187,226,16,451,4769,,,,,,,,,,,,
Denver County,2010,603354,411614,316086,59003,3589,20362,476,12098,191740,,,,,,,,,,,,
Denver County,2011,620513,424547,326648,59625,3578,21538,511,12647,195966,,,,,,,,,,,,
Denver County,2012,635277,436518,336060,60543,3551,22493,625,13246,198759,,,,,,,,,,,,
Denver County,2013,649513,447883,345043,61343,3614,23360,692,13831,201630,,,,,,,,,,,,
Denver County,2014,664870,459160,353708,62362,3671,24346,702,14371,205710,,,,,,,,,,,,
Denver County,2015,683665,474644,366418,63338,3675,25480,720,15013,209021,,,,,,,,,,,,
Denver County,2016,696618,485973,375850,63647,3618,26464,762,15632,210645,,,,,,,,,,,,
Denver County,2017,705439,494082,382886,63493,3642,27199,831,16031,211357,,,,,,,,,,,,
Denver County,2018,716492,503930,390336,64126,3650,28033,981,16804,212562,,,,,,,,,,,,
Dolores County,2010,2069,1982,1878,3,53,2,2,44,87,,,,,,,,,,,,
Dolores County,2011,2044,1955,1835,5,59,1,3,52,89,,,,,,,,,,,,
Dolores County,2012,2009,1921,1796,3,65,2,3,52,88,,,,,,,,,,,,
Dolores County,2013,2033,1943,1817,3,66,2,3,52,90,,,,,,,,,,,,
Dolores County,2014,1977,1871,1753,3,64,2,2,47,106,,,,,,,,,,,,
Dolores County,2015,1981,1862,1742,4,65,3,2,46,119,,,,,,,,,,,,
Dolores County,2016,2056,1927,1815,4,56,3,2,47,129,,,,,,,,,,,,
Dolores County,2017,2053,1919,1800,7,57,6,2,47,134,,,,,,,,,,,,
Dolores County,2018,2074,1945,1823,7,59,5,2,49,129,,,,,,,,,,,,
Douglas County,2010,286977,265354,244774,3299,809,10816,191,5465,21623,,,,,,,,,,,,
Douglas County,2011,292513,269757,248537,3334,782,11247,196,5661,22756,,,,,,,,,,,,
Douglas County,2012,298698,274876,252678,3376,773,11860,231,5958,23822,,,,,,,,,,,,
Douglas County,2013,306232,281627,258331,3519,832,12426,236,6283,24605,,,,,,,,,,,,
Douglas County,2014,314574,288987,264225,3641,855,13430,256,6580,25587,,,,,,,,,,,,
Douglas County,2015,321964,295293,269187,3744,885,14382,254,6841,26671,,,,,,,,,,,,
Douglas County,2016,328088,300318,272819,3978,892,15251,262,7116,27770,,,,,,,,,,,,
Douglas County,2017,335668,306469,277175,4348,933,16220,262,7531,29199,,,,,,,,,,,,
Douglas County,2018,342776,312013,280777,4660,1035,17387,248,7906,30763,,,,,,,,,,,,
Eagle County,2010,52104,36396,35089,240,137,523,16,391,15708,,,,,,,,,,,,
Eagle County,2011,52072,36324,34950,291,144,527,17,395,15748,,,,,,,,,,,,
Eagle County,2012,52366,36577,35109,341,157,541,16,413,15789,,,,,,,,,,,,
Eagle County,2013,52857,37188,35663,385,163,553,20,404,15669,,,,,,,,,,,,
Eagle County,2014,53323,37531,35926,417,171,589,22,406,15792,,,,,,,,,,,,
Eagle County,2015,53896,37970,36339,440,165,591,21,414,15926,,,,,,,,,,,,
Eagle County,2016,54579,38395,36695,484,164,608,22,422,16184,,,,,,,,,,,,
Eagle County,2017,54992,38600,36816,523,176,626,22,437,16392,,,,,,,,,,,,
Eagle County,2018,54993,38592,36749,546,185,630,21,461,16401,,,,,,,,,,,,
Elbert County,2010,23143,21915,21087,163,127,170,23,345,1228,,,,,,,,,,,,
Elbert County,2011,23176,21904,21057,176,118,176,26,351,1272,,,,,,,,,,,,
Elbert County,2012,23273,21906,21084,152,126,183,28,333,1367,,,,,,,,,,,,
Elbert County,2013,23541,22111,21238,155,130,195,29,364,1430,,,,,,,,,,,,
Elbert County,2014,24033,22545,21608,187,135,200,29,386,1488,,,,,,,,,,,,
Elbert County,2015,24621,23053,22035,226,144,214,28,406,1568,,,,,,,,,,,,
Elbert County,2016,25138,23430,22356,273,152,217,28,404,1708,,,,,,,,,,,,
Elbert County,2017,25735,23928,22806,302,151,234,34,401,1807,,,,,,,,,,,,
Elbert County,2018,26282,24390,23187,331,149,246,38,439,1892,,,,,,,,,,,,
El Paso County,2010,626904,531932,451749,36409,3753,16816,1942,21263,94972,,,,,,,,,,,,
El Paso County,2011,637120,538671,457044,37061,3847,16967,1965,21787,98449,,,,,,,,,,,,
El Paso County,2012,645879,544580,460729,38064,3952,17385,2043,22407,101299,,,,,,,,,,,,
El Paso County,2013,655320,550905,464976,38913,4078,17859,2077,23002,104415,,,,,,,,,,,,
El Paso County,2014,663266,555809,467906,39867,4159,18131,2074,23672,107457,,,,,,,,,,,,
El Paso County,2015,674156,562811,472610,40794,4179,18745,2137,24346,111345,,,,,,,,,,,,
El Paso County,2016,688687,573430,480521,41977,4312,19333,2124,25163,115257,,,,,,,,,,,,
El Paso County,2017,700800,581160,485813,42742,4415,20103,2100,25987,119640,,,,,,,,,,,,
El Paso County,2018,713856,589234,491494,43321,4465,20872,2116,26966,124622,,,,,,,,,,,,
Fremont County,2010,46835,41032,37633,1811,688,287,16,597,5803,,,,,,,,,,,,
Fremont County,2011,47379,41273,37733,1890,697,311,20,622,6106,,,,,,,,,,,,
Fremont County,2012,47060,41010,37494,1839,689,356,21,611,6050,,,,,,,,,,,,
Fremont County,2013,46310,40341,36895,1775,662,364,20,625,5969,,,,,,,,,,,,
Fremont County,2014,46133,40198,36742,1763,644,393,20,636,5935,,,,,,,,,,,,
Fremont County,2015,46267,40278,36808,1768,625,413,18,646,5989,,,,,,,,,,,,
Fremont County,2016,46982,40832,37223,1813,651,434,19,692,6150,,,,,,,,,,,,
Fremont County,2017,47607,41255,37618,1829,641,428,18,721,6352,,,,,,,,,,,,
Fremont County,2018,48021,41520,37854,1824,641,437,17,747,6501,,,,,,,,,,,,
Garfield County,2010,56092,40212,38704,230,297,345,31,605,15880,,,,,,,,,,,,
Garfield County,2011,56065,40218,38692,255,279,357,32,603,15847,,,,,,,,,,,,
Garfield County,2012,56788,40798,39152,297,279,387,35,648,15990,,,,,,,,,,,,
Garfield County,2013,56971,41041,39367,304,269,392,31,678,15930,,,,,,,,,,,,
Garfield County,2014,57201,41244,39500,316,277,422,35,694,15957,,,,,,,,,,,,
Garfield County,2015,57760,41732,39944,318,277,439,34,720,16028,,,,,,,,,,,,
Garfield County,2016,58847,42362,40464,352,269,471,38,768,16485,,,,,,,,,,,,
Garfield County,2017,59113,42331,40381,380,265,467,40,798,16782,,,,,,,,,,,,
Garfield County,2018,59770,42586,40595,365,278,471,49,828,17184,,,,,,,,,,,,
Gilpin County,2010,5475,5190,4955,28,37,81,9,80,285,,,,,,,,,,,,
Gilpin County,2011,5431,5149,4909,30,38,76,10,86,282,,,,,,,,,,,,
Gilpin County,2012,5434,5117,4857,37,48,78,10,87,317,,,,,,,,,,,,
Gilpin County,2013,5534,5201,4914,55,46,80,11,95,333,,,,,,,,,,,,
Gilpin County,2014,5751,5400,5086,58,55,85,12,104,351,,,,,,,,,,,,
Gilpin County,2015,5807,5456,5129,58,58,90,12,109,351,,,,,,,,,,,,
Gilpin County,2016,5914,5514,5185,55,58,93,12,111,400,,,,,,,,,,,,
Gilpin County,2017,6026,5602,5283,52,53,90,16,108,424,,,,,,,,,,,,
Gilpin County,2018,6121,5674,5346,61,52,89,14,112,447,,,,,,,,,,,,
Grand County,2010,14796,13695,13297,48,53,124,7,166,1101,,,,,,,,,,,,
Grand County,2011,14562,13459,13034,54,53,130,14,174,1103,,,,,,,,,,,,
Grand County,2012,14220,13147,12721,58,54,124,12,178,1073,,,,,,,,,,,,
Grand County,2013,14311,13207,12765,61,52,130,13,186,1104,,,,,,,,,,,,
Grand County,2014,14559,13414,12964,63,56,130,14,187,1145,,,,,,,,,,,,
Grand County,2015,14721,13514,13050,77,56,125,13,193,1207,,,,,,,,,,,,
Grand County,2016,15170,13885,13369,98,64,128,16,210,1285,,,,,,,,,,,,
Grand County,2017,15356,14036,13473,117,79,135,15,217,1320,,,,,,,,,,,,
Grand County,2018,15525,14120,13525,136,97,125,16,221,1405,,,,,,,,,,,,
Gunnison County,2010,15355,14098,13668,55,81,101,4,189,1257,,,,,,,,,,,,
Gunnison County,2011,15322,14030,13579,58,87,96,4,206,1292,,,,,,,,,,,,
Gunnison County,2012,15436,14093,13628,64,97,90,4,210,1343,,,,,,,,,,,,
Gunnison County,2013,15653,14243,13773,63,101,89,5,212,1410,,,,,,,,,,,,
Gunnison County,2014,15842,14407,13916,72,102,94,5,218,1435,,,,,,,,,,,,
Gunnison County,2015,16178,14680,14153,80,111,106,7,223,1498,,,,,,,,,,,,
Gunnison County,2016,16489,14964,14406,96,115,106,8,233,1525,,,,,,,,,,,,
Gunnison County,2017,16931,15341,14743,99,130,118,7,244,1590,,,,,,,,,,,,
Gunnison County,2018,17246,15633,15026,111,131,120,4,241,1613,,,,,,,,,,,,
Hinsdale County,2010,844,819,791,3,8,3,0,14,25,,,,,,,,,,,,
Hinsdale County,2011,825,790,765,3,5,4,0,13,35,,,,,,,,,,,,
Hinsdale County,2012,802,769,740,5,8,4,0,12,33,,,,,,,,,,,,
Hinsdale County,2013,804,771,740,5,6,4,0,16,33,,,,,,,,,,,,
Hinsdale County,2014,773,744,715,5,6,4,0,14,29,,,,,,,,,,,,
Hinsdale County,2015,764,734,702,5,8,4,0,15,30,,,,,,,,,,,,
Hinsdale County,2016,788,752,712,5,7,6,0,22,36,,,,,,,,,,,,
Hinsdale County,2017,791,755,712,5,9,6,0,23,36,,,,,,,,,,,,
Hinsdale County,2018,811,762,722,5,9,5,0,21,49,,,,,,,,,,,,
Huerfano County,2010,6680,4318,4129,23,55,25,10,76,2362,,,,,,,,,,,,
Huerfano County,2011,6527,4216,4008,27,56,36,10,79,2311,,,,,,,,,,,,
Huerfano County,2012,6565,4239,4005,29,64,39,10,92,2326,,,,,,,,,,,,
Huerfano County,2013,6463,4203,3963,29,66,40,10,95,2260,,,,,,,,,,,,
Huerfano County,2014,6396,4162,3931,31,59,42,10,89,2234,,,,,,,,,,,,
Huerfano County,2015,6407,4159,3903,33,69,44,11,99,2248,,,,,,,,,,,,
Huerfano County,2016,6579,4315,4039,41,67,37,11,120,2264,,,,,,,,,,,,
Huerfano County,2017,6645,4358,4082,39,68,36,13,120,2287,,,,,,,,,,,,
Huerfano County,2018,6889,4550,4245,54,77,40,14,120,2339,,,,,,,,,,,,
Jackson County,2010,1389,1230,1205,0,13,1,0,11,159,,,,,,,,,,,,
Jackson County,2011,1357,1205,1179,1,13,2,0,10,152,,,,,,,,,,,,
Jackson County,2012,1325,1165,1136,1,13,4,0,11,160,,,,,,,,,,,,
Jackson County,2013,1336,1171,1140,1,13,3,0,14,165,,,,,,,,,,,,
Jackson County,2014,1385,1224,1191,1,13,3,0,16,161,,,,,,,,,,,,
Jackson County,2015,1352,1189,1156,1,13,4,0,15,163,,,,,,,,,,,,
Jackson County,2016,1357,1187,1156,1,13,4,0,13,170,,,,,,,,,,,,
Jackson County,2017,1379,1198,1159,1,12,10,0,16,181,,,,,,,,,,,,
Jackson County,2018,1399,1223,1185,1,12,10,0,15,176,,,,,,,,,,,,
Jefferson County,2010,535833,458831,428714,5045,2653,13852,402,8165,77002,,,,,,,,,,,,
Jefferson County,2011,540755,461550,430470,5254,2751,14183,440,8452,79205,,,,,,,,,,,,
Jefferson County,2012,546764,465249,433294,5371,2819,14536,437,8792,81515,,,,,,,,,,,,
Jefferson County,2013,552254,469227,436886,5450,2820,14611,431,9029,83027,,,,,,,,,,,,
Jefferson County,2014,559085,474973,441700,5612,2848,14950,439,9424,84112,,,,,,,,,,,,
Jefferson County,2015,565223,479627,445311,5689,2949,15530,456,9692,85596,,,,,,,,,,,,
Jefferson County,2016,571779,484477,449087,6026,2906,16030,467,9961,87302,,,,,,,,,,,,
Jefferson County,2017,575817,486950,450603,6304,2903,16378,477,10285,88867,,,,,,,,,,,,
Jefferson County,2018,580233,490344,452555,6637,2989,16896,473,10794,89889,,,,,,,,,,,,
Kiowa County,2010,1404,1325,1310,3,3,0,0,9,79,,,,,,,,,,,,
Kiowa County,2011,1431,1350,1335,3,3,0,0,9,81,,,,,,,,,,,,
Kiowa County,2012,1409,1320,1294,5,5,0,0,16,89,,,,,,,,,,,,
Kiowa County,2013,1392,1303,1276,6,6,1,0,14,89,,,,,,,,,,,,
Kiowa County,2014,1380,1281,1250,6,7,0,1,17,99,,,,,,,,,,,,
Kiowa County,2015,1384,1284,1250,8,7,0,1,18,100,,,,,,,,,,,,
Kiowa County,2016,1342,1242,1216,8,5,0,1,12,100,,,,,,,,,,,,
Kiowa County,2017,1367,1247,1219,6,6,1,1,14,120,,,,,,,,,,,,
Kiowa County,2018,1383,1260,1229,6,7,3,1,14,123,,,,,,,,,,,,
Kit Carson County,2010,8263,6678,6296,218,51,36,6,71,1585,,,,,,,,,,,,
Kit Carson County,2011,8170,6585,6233,183,44,42,7,76,1585,,,,,,,,,,,,
Kit Carson County,2012,8074,6520,6176,172,44,44,8,76,1554,,,,,,,,,,,,
Kit Carson County,2013,8247,6645,6228,233,49,52,7,76,1602,,,,,,,,,,,,
Kit Carson County,2014,8020,6456,6088,183,46,50,7,82,1564,,,,,,,,,,,,
Kit Carson County,2015,8215,6587,6145,242,52,52,7,89,1628,,,,,,,,,,,,
Kit Carson County,2016,7625,6153,5830,132,42,51,7,91,1472,,,,,,,,,,,,
Kit Carson County,2017,7152,5844,5627,48,33,45,6,85,1308,,,,,,,,,,,,
Kit Carson County,2018,7163,5803,5578,46,35,45,6,93,1360,,,,,,,,,,,,
Lake County,2010,7264,4429,4256,24,47,28,4,70,2835,,,,,,,,,,,,
Lake County,2011,7342,4463,4273,31,47,33,4,75,2879,,,,,,,,,,,,
Lake County,2012,7253,4411,4222,24,56,31,4,74,2842,,,,,,,,,,,,
Lake County,2013,7265,4483,4280,30,55,32,5,81,2782,,,,,,,,,,,,
Lake County,2014,7320,4577,4358,28,64,33,4,90,2743,,,,,,,,,,,,
Lake County,2015,7442,4690,4450,26,66,39,4,105,2752,,,,,,,,,,,,
Lake County,2016,7584,4831,4571,41,63,45,4,107,2753,,,,,,,,,,,,
Lake County,2017,7753,4954,4672,47,69,51,4,111,2799,,,,,,,,,,,,
Lake County,2018,7824,5019,4726,57,73,48,4,111,2805,,,,,,,,,,,,
La Plata County,2010,51343,45229,41292,180,2558,270,32,897,6114,,,,,,,,,,,,
La Plata County,2011,51794,45573,41553,188,2622,278,34,898,6221,,,,,,,,,,,,
La Plata County,2012,52369,46020,41929,190,2660,313,43,885,6349,,,,,,,,,,,,
La Plata County,2013,53287,46820,42583,206,2759,334,40,898,6467,,,,,,,,,,,,
La Plata County,2014,53788,47098,42702,214,2829,353,43,957,6690,,,,,,,,,,,,
La Plata County,2015,54609,47757,43257,219,2932,351,37,961,6852,,,,,,,,,,,,
La Plata County,2016,55258,48124,43451,254,3059,340,39,981,7134,,,,,,,,,,,,
La Plata County,2017,55541,48376,43661,253,3068,340,40,1014,7165,,,,,,,,,,,,
La Plata County,2018,56310,49009,44128,269,3151,366,41,1054,7301,,,,,,,,,,,,
Larimer County,2010,300450,268593,253823,2300,1303,5904,206,5057,31857,,,,,,,,,,,,
Larimer County,2011,305237,272682,257209,2424,1314,6219,193,5323,32555,,,,,,,,,,,,
Larimer County,2012,310856,277287,261253,2517,1319,6521,195,5482,33569,,,,,,,,,,,,
Larimer County,2013,316258,281586,264778,2645,1377,6789,194,5803,34672,,,,,,,,,,,,
Larimer County,2014,324061,288168,270597,2829,1410,7057,225,6050,35893,,,,,,,,,,,,
Larimer County,2015,333309,296174,277668,2998,1468,7403,204,6433,37135,,,,,,,,,,,,
Larimer County,2016,338926,300653,281391,3200,1471,7663,215,6713,38273,,,,,,,,,,,,
Larimer County,2017,343993,304533,284725,3216,1509,7904,224,6955,39460,,,,,,,,,,,,
Larimer County,2018,350518,309663,289145,3418,1573,8016,233,7278,40855,,,,,,,,,,,,
Las Animas County,2010,15413,9006,8364,203,177,104,4,154,6407,,,,,,,,,,,,
Las Animas County,2011,15041,8701,8064,197,174,110,4,152,6340,,,,,,,,,,,,
Las Animas County,2012,14980,8671,8011,195,182,122,5,156,6309,,,,,,,,,,,,
Las Animas County,2013,14390,8250,7603,195,169,128,4,151,6140,,,,,,,,,,,,
Las Animas County,2014,14044,8063,7392,208,162,131,4,166,5981,,,,,,,,,,,,
Las Animas County,2015,14043,8067,7372,215,168,152,9,151,5976,,,,,,,,,,,,
Las Animas County,2016,14076,8125,7405,223,174,153,8,162,5951,,,,,,,,,,,,
Las Animas County,2017,14231,8293,7558,227,175,151,8,174,5938,,,,,,,,,,,,
Las Animas County,2018,14503,8527,7762,251,183,148,8,175,5976,,,,,,,,,,,,
Lincoln County,2010,5471,4789,4364,281,39,41,2,62,682,,,,,,,,,,,,
Lincoln County,2011,5418,4731,4321,272,38,38,3,59,687,,,,,,,,,,,,
Lincoln County,2012,5441,4722,4297,283,39,39,4,60,719,,,,,,,,,,,,
Lincoln County,2013,5435,4744,4314,287,40,40,3,60,691,,,,,,,,,,,,
Lincoln County,2014,5504,4789,4340,290,44,45,4,66,715,,,,,,,,,,,,
Lincoln County,2015,5545,4802,4337,293,43,56,4,69,743,,,,,,,,,,,,
Lincoln County,2016,5549,4811,4350,282,44,49,7,79,738,,,,,,,,,,,,
Lincoln County,2017,5530,4761,4299,275,46,55,4,82,769,,,,,,,,,,,,
Lincoln County,2018,5610,4817,4332,296,45,45,5,94,793,,,,,,,,,,,,
Logan County,2010,22033,18715,17503,737,142,119,14,200,3318,,,,,,,,,,,,
Logan County,2011,21869,18551,17321,732,151,131,14,202,3318,,,,,,,,,,,,
Logan County,2012,21661,18344,17089,724,154,149,14,214,3317,,,,,,,,,,,,
Logan County,2013,21469,18219,16943,706,161,170,16,223,3250,,,,,,,,,,,,
Logan County,2014,21748,18365,17030,742,175,172,16,230,3383,,,,,,,,,,,,
Logan County,2015,21771,18376,17042,732,182,164,15,241,3395,,,,,,,,,,,,
Logan County,2016,21733,18318,16953,743,196,167,15,244,3415,,,,,,,,,,,,
Logan County,2017,21665,18164,16769,748,198,168,16,265,3501,,,,,,,,,,,,
Logan County,2018,21528,18010,16607,752,199,176,17,259,3518,,,,,,,,,,,,
Mesa County,2010,146361,126866,121851,794,892,1075,154,2100,19495,,,,,,,,,,,,
Mesa County,2011,147285,127494,122228,847,950,1121,156,2192,19791,,,,,,,,,,,,
Mesa County,2012,147437,127352,121958,905,962,1140,173,2214,20085,,,,,,,,,,,,
Mesa County,2013,147313,126883,121457,962,930,1144,150,2240,20430,,,,,,,,,,,,
Mesa County,2014,147312,126558,121135,968,925,1141,145,2244,20754,,,,,,,,,,,,
Mesa County,2015,148227,127091,121416,1014,978,1195,150,2338,21136,,,,,,,,,,,,
Mesa County,2016,149838,128268,122388,1036,972,1259,152,2461,21570,,,,,,,,,,,,
Mesa County,2017,151406,129381,123312,1047,993,1340,154,2535,22025,,,,,,,,,,,,
Mesa County,2018,153207,130550,124322,1070,1016,1372,164,2606,22657,,,,,,,,,,,,
Mineral County,2010,704,683,669,2,4,1,0,7,21,,,,,,,,,,,,
Mineral County,2011,711,689,674,2,4,2,0,7,22,,,,,,,,,,,,
Mineral County,2012,719,696,680,2,6,1,0,7,23,,,,,,,,,,,,
Mineral County,2013,732,707,689,2,6,3,0,7,25,,,,,,,,,,,,
Mineral County,2014,703,674,656,2,6,3,0,7,29,,,,,,,,,,,,
Mineral County,2015,744,705,682,3,5,3,0,12,39,,,,,,,,,,,,
Mineral County,2016,757,712,693,4,5,3,0,7,45,,,,,,,,,,,,
Mineral County,2017,759,708,689,3,5,4,0,7,51,,,,,,,,,,,,
Mineral County,2018,776,726,700,2,7,4,0,13,50,,,,,,,,,,,,
Moffat County,2010,13794,11792,11411,32,97,75,6,171,2002,,,,,,,,,,,,
Moffat County,2011,13421,11490,11103,37,98,73,6,173,1931,,,,,,,,,,,,
Moffat County,2012,13169,11295,10905,34,92,72,8,184,1874,,,,,,,,,,,,
Moffat County,2013,13124,11253,10836,48,90,81,8,190,1871,,,,,,,,,,,,
Moffat County,2014,12934,11068,10639,58,94,85,6,186,1866,,,,,,,,,,,,
Moffat County,2015,12938,11031,10579,72,98,86,8,188,1907,,,,,,,,,,,,
Moffat County,2016,13143,11119,10628,88,103,91,9,200,2024,,,,,,,,,,,,
Moffat County,2017,13095,11047,10539,86,110,83,11,218,2048,,,,,,,,,,,,
Moffat County,2018,13188,11124,10598,86,104,93,10,233,2064,,,,,,,,,,,,
Montezuma County,2010,25577,22744,19238,49,2894,125,10,428,2833,,,,,,,,,,,,
Montezuma County,2011,25474,22531,18974,52,2914,150,10,431,2943,,,,,,,,,,,,
Montezuma County,2012,25475,22451,18802,59,2942,178,13,457,3024,,,,,,,,,,,,
Montezuma County,2013,25544,22544,18880,66,2950,158,12,478,3000,,,,,,,,,,,,
Montezuma County,2014,25516,22460,18756,85,2969,155,14,481,3056,,,,,,,,,,,,
Montezuma County,2015,25722,22547,18814,93,3013,140,13,474,3175,,,,,,,,,,,,
Montezuma County,2016,25999,22748,18949,95,3052,147,15,490,3251,,,,,,,,,,,,
Montezuma County,2017,26148,22847,18939,98,3122,152,14,522,3301,,,,,,,,,,,,
Montezuma County,2018,26158,22831,18840,97,3198,153,15,528,3327,,,,,,,,,,,,
Montrose County,2010,41186,33055,31954,127,202,241,23,508,8131,,,,,,,,,,,,
Montrose County,2011,40972,32700,31567,135,213,234,35,516,8272,,,,,,,,,,,,
Montrose County,2012,40654,32467,31279,154,211,241,45,537,8187,,,,,,,,,,,,
Montrose County,2013,40555,32348,31156,159,215,244,55,519,8207,,,,,,,,,,,,
Montrose County,2014,40596,32359,31136,165,222,263,55,518,8237,,,,,,,,,,,,
Montrose County,2015,40576,32251,30960,169,245,275,60,542,8325,,,,,,,,,,,,
Montrose County,2016,41168,32704,31386,178,241,276,65,558,8464,,,,,,,,,,,,
Montrose County,2017,41785,33172,31814,187,264,285,53,569,8613,,,,,,,,,,,,
Montrose County,2018,42214,33473,32037,190,286,294,59,607,8741,,,,,,,,,,,,
Morgan County,2010,28243,18675,17413,783,105,139,10,225,9568,,,,,,,,,,,,
Morgan County,2011,28453,18661,17312,845,105,144,13,242,9792,,,,,,,,,,,,
Morgan County,2012,28257,18425,17119,777,108,144,11,266,9832,,,,,,,,,,,,
Morgan County,2013,28236,18277,16949,776,112,163,15,262,9959,,,,,,,,,,,,
Morgan County,2014,28120,18138,16719,834,125,177,18,265,9982,,,,,,,,,,,,
Morgan County,2015,28237,18188,16678,897,137,193,17,266,10049,,,,,,,,,,,,
Morgan County,2016,28143,18043,16545,882,120,177,21,298,10100,,,,,,,,,,,,
Morgan County,2017,28228,17997,16507,870,123,173,23,301,10231,,,,,,,,,,,,
Morgan County,2018,28558,18185,16606,934,138,188,20,299,10373,,,,,,,,,,,,
Otero County,2010,18888,11240,10660,100,112,148,7,213,7648,,,,,,,,,,,,
Otero County,2011,18867,11198,10589,121,117,139,8,224,7669,,,,,,,,,,,,
Otero County,2012,18660,11014,10376,130,121,146,8,233,7646,,,,,,,,,,,,
Otero County,2013,18481,10824,10185,132,132,145,10,220,7657,,,,,,,,,,,,
Otero County,2014,18367,10786,10130,150,131,144,11,220,7581,,,,,,,,,,,,
Otero County,2015,18210,10652,9984,162,128,143,11,224,7558,,,,,,,,,,,,
Otero County,2016,18212,10620,9954,161,120,134,13,238,7592,,,,,,,,,,,,
Otero County,2017,18403,10710,9942,190,132,145,13,288,7693,,,,,,,,,,,,
Otero County,2018,18432,10675,9889,209,129,147,13,288,7757,,,,,,,,,,,,
Ouray County,2010,4456,4250,4150,6,14,28,5,47,206,,,,,,,,,,,,
Ouray County,2011,4423,4180,4076,6,15,25,5,53,243,,,,,,,,,,,,
Ouray County,2012,4506,4253,4137,7,15,28,5,61,253,,,,,,,,,,,,
Ouray County,2013,4552,4296,4171,6,15,33,5,66,256,,,,,,,,,,,,
Ouray County,2014,4574,4286,4161,7,15,32,5,66,288,,,,,,,,,,,,
Ouray County,2015,4607,4317,4182,5,20,34,5,71,290,,,,,,,,,,,,
Ouray County,2016,4788,4487,4347,4,24,30,7,75,301,,,,,,,,,,,,
Ouray County,2017,4809,4505,4358,6,25,33,8,75,304,,,,,,,,,,,,
Ouray County,2018,4833,4521,4370,4,23,38,8,78,312,,,,,,,,,,,,
Park County,2010,16280,15484,14905,74,117,106,2,280,796,,,,,,,,,,,,
Park County,2011,16055,15279,14689,71,114,115,2,288,776,,,,,,,,,,,,
Park County,2012,16048,15261,14622,79,120,129,4,307,787,,,,,,,,,,,,
Park County,2013,16184,15281,14650,77,123,143,2,286,903,,,,,,,,,,,,
Park County,2014,16384,15425,14756,88,131,161,2,287,959,,,,,,,,,,,,
Park County,2015,16736,15776,15096,92,133,173,2,280,960,,,,,,,,,,,,
Park County,2016,17362,16290,15517,116,145,174,3,335,1072,,,,,,,,,,,,
Park County,2017,17920,16814,15957,143,154,177,7,376,1106,,,,,,,,,,,,
Park County,2018,18556,17400,16504,155,151,190,6,394,1156,,,,,,,,,,,,
Phillips County,2010,4470,3620,3542,14,12,25,4,23,850,,,,,,,,,,,,
Phillips County,2011,4400,3546,3462,15,13,24,4,28,854,,,,,,,,,,,,
Phillips County,2012,4416,3542,3454,17,13,26,3,29,874,,,,,,,,,,,,
Phillips County,2013,4385,3518,3424,24,13,24,3,30,867,,,,,,,,,,,,
Phillips County,2014,4395,3500,3398,22,15,25,3,37,895,,,,,,,,,,,,
Phillips County,2015,4329,3460,3357,23,16,26,3,35,869,,,,,,,,,,,,
Phillips County,2016,4283,3397,3299,25,15,26,3,29,886,,,,,,,,,,,,
Phillips County,2017,4297,3413,3310,27,15,25,3,33,884,,,,,,,,,,,,
Phillips County,2018,4286,3405,3300,29,15,22,4,35,881,,,,,,,,,,,,
Pitkin County,2010,17160,15576,15053,95,23,214,10,181,1584,,,,,,,,,,,,
Pitkin County,2011,17175,15588,15025,87,30,237,11,198,1587,,,,,,,,,,,,
Pitkin County,2012,17299,15609,15034,101,32,233,12,197,1690,,,,,,,,,,,,
Pitkin County,2013,17469,15777,15115,138,39,265,15,205,1692,,,,,,,,,,,,
Pitkin County,2014,17726,15989,15337,111,35,270,15,221,1737,,,,,,,,,,,,
Pitkin County,2015,17948,16205,15509,138,37,290,15,216,1743,,,,,,,,,,,,
Pitkin County,2016,17967,16197,15470,156,38,303,15,215,1770,,,,,,,,,,,,
Pitkin County,2017,17952,16140,15418,154,35,302,15,216,1812,,,,,,,,,,,,
Pitkin County,2018,17950,16131,15381,160,35,311,17,227,1819,,,,,,,,,,,,
Prowers County,2010,12575,8149,7895,59,65,40,2,88,4426,,,,,,,,,,,,
Prowers County,2011,12529,8061,7778,63,72,41,3,104,4468,,,,,,,,,,,,
Prowers County,2012,12450,7946,7638,74,77,42,3,112,4504,,,,,,,,,,,,
Prowers County,2013,12345,7862,7539,68,78,45,2,130,4483,,,,,,,,,,,,
Prowers County,2014,12089,7649,7322,69,76,42,2,138,4440,,,,,,,,,,,,
Prowers County,2015,11971,7535,7202,78,81,50,2,122,4436,,,,,,,,,,,,
Prowers County,2016,11967,7476,7144,70,81,49,4,128,4491,,,,,,,,,,,,
Prowers County,2017,12071,7481,7114,74,88,49,4,152,4590,,,,,,,,,,,,
Prowers County,2018,12164,7463,7076,85,89,53,4,156,4701,,,,,,,,,,,,
Pueblo County,2010,159466,93368,86479,2685,1017,1158,118,1911,66098,,,,,,,,,,,,
Pueblo County,2011,160248,93205,86240,2699,1038,1169,124,1935,67043,,,,,,,,,,,,
Pueblo County,2012,160810,93095,85995,2705,1031,1238,121,2005,67715,,,,,,,,,,,,
Pueblo County,2013,161145,92865,85582,2774,1062,1293,126,2028,68280,,,,,,,,,,,,
Pueblo County,2014,161480,92548,85282,2780,1040,1284,120,2042,68932,,,,,,,,,,,,
Pueblo County,2015,163111,93374,85881,2863,1052,1305,121,2152,69737,,,,,,,,,,,,
Pueblo County,2016,164877,94190,86412,2933,1094,1355,126,2270,70687,,,,,,,,,,,,
Pueblo County,2017,166426,94795,86787,3026,1117,1361,125,2379,71631,,,,,,,,,,,,
Pueblo County,2018,167529,95340,87033,3096,1138,1395,133,2545,72189,,,,,,,,,,,,
Rio Blanco County,2010,6675,6004,5757,60,44,22,11,110,671,,,,,,,,,,,,
Rio Blanco County,2011,6782,6099,5813,63,59,29,11,124,683,,,,,,,,,,,,
Rio Blanco County,2012,6808,6085,5781,68,64,38,8,126,723,,,,,,,,,,,,
Rio Blanco County,2013,6747,6072,5762,65,71,31,12,131,675,,,,,,,,,,,,
Rio Blanco County,2014,6625,5935,5619,65,69,29,10,143,690,,,,,,,,,,,,
Rio Blanco County,2015,6503,5843,5517,63,74,34,9,146,660,,,,,,,,,,,,
Rio Blanco County,2016,6469,5841,5494,73,79,37,9,149,628,,,,,,,,,,,,
Rio Blanco County,2017,6394,5779,5435,73,75,37,9,150,615,,,,,,,,,,,,
Rio Blanco County,2018,6336,5684,5359,74,68,41,7,135,652,,,,,,,,,,,,
Rio Grande County,2010,12023,6877,6618,26,98,39,4,92,5146,,,,,,,,,,,,
Rio Grande County,2011,11914,6718,6435,34,92,42,4,111,5196,,,,,,,,,,,,
Rio Grande County,2012,11867,6612,6319,42,90,48,4,109,5255,,,,,,,,,,,,
Rio Grande County,2013,11679,6453,6153,45,101,44,4,106,5226,,,,,,,,,,,,
Rio Grande County,2014,11508,6348,6041,49,107,43,6,102,5160,,,,,,,,,,,,
Rio Grande County,2015,11356,6269,5923,55,123,48,6,114,5087,,,,,,,,,,,,
Rio Grande County,2016,11337,6284,5920,58,125,52,6,123,5053,,,,,,,,,,,,
Rio Grande County,2017,11306,6319,5933,58,138,52,6,132,4987,,,,,,,,,,,,
Rio Grande County,2018,11250,6302,5901,70,142,50,6,133,4948,,,,,,,,,,,,
Routt County,2010,23448,21868,21285,96,66,154,16,251,1580,,,,,,,,,,,,
Routt County,2011,23264,21739,21148,95,66,151,16,263,1525,,,,,,,,,,,,
Routt County,2012,23285,21725,21126,108,69,148,16,258,1560,,,,,,,,,,,,
Routt County,2013,23612,21985,21326,136,75,171,17,260,1627,,,,,,,,,,,,
Routt County,2014,24083,22449,21720,155,73,199,24,278,1634,,,,,,,,,,,,
Routt County,2015,24422,22710,21953,175,82,184,24,292,1712,,,,,,,,,,,,
Routt County,2016,24787,23034,22244,185,75,194,27,309,1753,,,,,,,,,,,,
Routt County,2017,25346,23552,22724,198,74,206,21,329,1794,,,,,,,,,,,,
Routt County,2018,25733,23925,23053,223,82,222,22,323,1808,,,,,,,,,,,,
Saguache County,2010,6136,3692,3477,11,69,48,1,86,2444,,,,,,,,,,,,
Saguache County,2011,6187,3716,3493,13,65,52,1,92,2471,,,,,,,,,,,,
Saguache County,2012,6331,3849,3606,15,72,51,1,104,2482,,,,,,,,,,,,
Saguache County,2013,6242,3840,3579,27,74,51,3,106,2402,,,,,,,,,,,,
Saguache County,2014,6198,3848,3578,28,78,50,1,113,2350,,,,,,,,,,,,
Saguache County,2015,6251,3937,3643,43,80,52,1,118,2314,,,,,,,,,,,,
Saguache County,2016,6406,4099,3772,51,86,55,1,134,2307,,,,,,,,,,,,
Saguache County,2017,6643,4242,3908,50,96,52,2,134,2401,,,,,,,,,,,,
Saguache County,2018,6843,4386,4024,55,106,54,3,144,2457,,,,,,,,,,,,
San Juan County,2010,708,622,604,0,1,7,0,10,86,,,,,,,,,,,,
San Juan County,2011,690,593,575,0,1,6,0,11,97,,,,,,,,,,,,
San Juan County,2012,692,595,576,0,4,5,0,10,97,,,,,,,,,,,,
San Juan County,2013,691,593,573,0,5,5,0,10,98,,,,,,,,,,,,
San Juan County,2014,711,617,591,1,4,7,0,14,94,,,,,,,,,,,,
San Juan County,2015,688,589,563,2,1,7,0,16,99,,,,,,,,,,,,
San Juan County,2016,689,595,565,2,3,7,0,18,94,,,,,,,,,,,,
San Juan County,2017,711,625,596,1,5,6,0,17,86,,,,,,,,,,,,
San Juan County,2018,762,668,639,1,6,5,0,17,94,,,,,,,,,,,,
San Miguel County,2010,7357,6718,6511,20,34,55,4,94,639,,,,,,,,,,,,
San Miguel County,2011,7486,6803,6594,21,32,60,4,92,683,,,,,,,,,,,,
San Miguel County,2012,7581,6880,6664,24,35,62,4,91,701,,,,,,,,,,,,
San Miguel County,2013,7622,6908,6685,25,35,66,5,92,714,,,,,,,,,,,,
San Miguel County,2014,7740,7012,6757,38,43,68,4,102,728,,,,,,,,,,,,
San Miguel County,2015,7840,7032,6777,39,42,72,4,98,808,,,,,,,,,,,,
San Miguel County,2016,8023,7178,6911,40,45,77,4,101,845,,,,,,,,,,,,
San Miguel County,2017,8047,7204,6941,41,50,73,4,95,843,,,,,,,,,,,,
San Miguel County,2018,8191,7315,7039,46,52,73,4,101,876,,,,,,,,,,,,
Sedgwick County,2010,2371,2081,2027,7,9,17,0,21,290,,,,,,,,,,,,
Sedgwick County,2011,2371,2059,1997,8,10,20,0,24,312,,,,,,,,,,,,
Sedgwick County,2012,2377,2028,1964,11,10,19,0,24,349,,,,,,,,,,,,
Sedgwick County,2013,2339,1977,1911,12,10,18,0,26,362,,,,,,,,,,,,
Sedgwick County,2014,2333,1981,1910,14,14,19,0,24,352,,,,,,,,,,,,
Sedgwick County,2015,2375,1988,1909,13,15,22,0,29,387,,,,,,,,,,,,
Sedgwick County,2016,2405,2029,1950,17,11,21,0,30,376,,,,,,,,,,,,
Sedgwick County,2017,2334,1983,1901,15,13,18,0,36,351,,,,,,,,,,,,
Sedgwick County,2018,2303,1919,1835,17,14,18,0,35,384,,,,,,,,,,,,
Summit County,2010,28077,24053,23228,213,54,281,13,264,4024,,,,,,,,,,,,
Summit County,2011,28046,23929,23129,208,55,258,15,264,4117,,,,,,,,,,,,
Summit County,2012,28307,24213,23397,209,65,248,19,275,4094,,,,,,,,,,,,
Summit County,2013,28738,24666,23805,214,76,270,23,278,4072,,,,,,,,,,,,
Summit County,2014,29330,25180,24312,219,77,272,25,275,4150,,,,,,,,,,,,
Summit County,2015,30126,25800,24853,244,72,320,29,282,4326,,,,,,,,,,,,
Summit County,2016,30676,26357,25328,272,70,355,24,308,4319,,,,,,,,,,,,
Summit County,2017,31004,26555,25470,307,73,354,24,327,4449,,,,,,,,,,,,
Summit County,2018,31007,26487,25359,316,73,378,24,337,4520,,,,,,,,,,,,
Teller County,2010,23469,22138,21260,104,167,157,19,431,1331,,,,,,,,,,,,
Teller County,2011,23366,22049,21132,112,179,174,21,431,1317,,,,,,,,,,,,
Teller County,2012,23442,22094,21178,121,169,179,20,427,1348,,,,,,,,,,,,
Teller County,2013,23354,21974,21060,130,167,174,23,420,1380,,,,,,,,,,,,
Teller County,2014,23430,22043,21073,146,173,189,24,438,1387,,,,,,,,,,,,
Teller County,2015,23377,21914,20890,167,195,185,25,452,1463,,,,,,,,,,,,
Teller County,2016,24036,22487,21417,182,208,198,22,460,1549,,,,,,,,,,,,
Teller County,2017,24638,23075,21934,191,215,217,22,496,1563,,,,,,,,,,,,
Teller County,2018,25083,23388,22194,207,240,228,24,495,1695,,,,,,,,,,,,
Washington County,2010,4821,4416,4319,30,7,11,1,48,405,,,,,,,,,,,,
Washington County,2011,4762,4352,4247,33,9,11,1,51,410,,,,,,,,,,,,
Washington County,2012,4700,4267,4163,31,9,11,1,52,433,,,,,,,,,,,,
Washington County,2013,4742,4297,4191,32,10,11,1,52,445,,,,,,,,,,,,
Washington County,2014,4732,4286,4173,33,13,11,1,55,446,,,,,,,,,,,,
Washington County,2015,4786,4353,4225,43,13,11,1,60,433,,,,,,,,,,,,
Washington County,2016,4836,4387,4250,44,14,15,1,63,449,,,,,,,,,,,,
Washington County,2017,4936,4410,4256,56,15,15,1,67,526,,,,,,,,,,,,
Washington County,2018,4909,4396,4243,55,15,15,1,67,513,,,,,,,,,,,,
Weld County,2010,254198,181991,172130,2077,1440,2936,170,3238,72207,,,,,,,,,,,,
Weld County,2011,258783,185042,174704,2202,1453,3194,185,3304,73741,,,,,,,,,,,,
Weld County,2012,264058,188774,177749,2474,1496,3369,198,3488,75284,,,,,,,,,,,,
Weld County,2013,270126,192830,181412,2634,1522,3496,200,3566,77296,,,,,,,,,,,,
Weld County,2014,276037,196375,184410,2841,1365,3814,195,3750,79662,,,,,,,,,,,,
Weld County,2015,285033,202120,189266,3102,1406,4070,226,4050,82913,,,,,,,,,,,,
Weld County,2016,294965,208744,195079,3261,1477,4411,237,4279,86221,,,,,,,,,,,,
Weld County,2017,305274,215642,201095,3407,1536,4795,254,4555,89632,,,,,,,,,,,,
Weld County,2018,314305,221122,205687,3634,1580,5071,277,4873,93183,,,,,,,,,,,,
Yuma County,2010,10049,7964,7842,15,34,22,3,48,2085,,,,,,,,,,,,
Yuma County,2011,10134,7930,7787,23,38,24,3,55,2204,,,,,,,,,,,,
Yuma County,2012,10103,7939,7789,24,39,23,3,61,2164,,,,,,,,,,,,
Yuma County,2013,10135,7920,7769,27,42,23,7,52,2215,,,,,,,,,,,,
Yuma County,2014,10182,7928,7769,28,41,24,7,59,2254,,,,,,,,,,,,
Yuma County,2015,10050,7763,7599,34,42,22,3,63,2287,,,,,,,,,,,,
Yuma County,2016,10080,7788,7616,34,45,23,3,67,2292,,,,,,,,,,,,
Yuma County,2017,10015,7689,7501,36,42,27,3,80,2326,,,,,,,,,,,,
Yuma County,2018,10020,7624,7426,39,40,30,3,86,2396,,,,,,,,,,,,